Tier,QoI,Parameter,Parameter_display,S1_raw,ST_raw,S1_clipped,ST_clipped,S1_ci95_low,S1_ci95_high,ST_ci95_low,ST_ci95_high,QoI_variance,N_valid,Low_variance_flag
Tier1_within_host,peak_V,beta,\beta,-0.9579305267348,0.273855705584527,0,0.273855705584527,0,0,0.264280785367269,0.28769706851783,896.565272411503,4096,0
Tier1_within_host,peak_V,k,k,0.0179621080318494,0.00496641450918527,0.0179621080318494,0.00496641450918527,0.0119166308561667,0.0245487989173945,0.00464707810466035,0.00535385419486496,896.565272411503,4096,0
Tier1_within_host,peak_V,p,p,0.500240285738063,0.437029747711913,0.500240285738063,0.437029747711913,0.447888556042516,0.544896608292356,0.425162568624202,0.453908078900703,896.565272411503,4096,0
Tier1_within_host,peak_V,q,q,0.0713699595279959,0.0465281121145093,0.0713699595279959,0.0465281121145093,0.0553668025389132,0.0874846733059637,0.0439370876143538,0.0487415422148167,896.565272411503,4096,0
Tier1_within_host,peak_V,c,c,0.242325375184791,0.252075392566131,0.242325375184791,0.252075392566131,0.199050793767125,0.288763485767892,0.239938782375428,0.261582601389468,896.565272411503,4096,0
Tier1_within_host,peak_V,delta,\delta,0.0342388201258919,0.036682267097392,0.0342388201258919,0.036682267097392,0.0207431474243179,0.0507661831152409,0.0352275996735806,0.0382272696590056,896.565272411503,4096,0
Tier1_within_host,peak_V,rho_R,\rho_R,-2.9348563566847e-07,2.6160087268547e-10,0,2.6160087268547e-10,0,9.46617449837642e-07,2.40864351281177e-10,2.80844175068698e-10,896.565272411503,4096,0
Tier1_within_host,peak_V,mu_R,\mu_R,-2.48989389431835e-07,8.7639359223196e-11,0,8.7639359223196e-11,0,5.18657643815373e-07,7.99305505013449e-11,9.81714950703693e-11,896.565272411503,4096,0
Tier1_within_host,peak_V,rho_Ab,\rho_{Ab},2.28051800361127e-08,3.36859071656518e-13,2.28051800361127e-08,3.36859071656518e-13,0,6.70620475291459e-08,0,9.43488667914165e-13,896.565272411503,4096,0
Tier1_within_host,peak_V,theta_Ab,\theta_{Ab},-1.00232227564822e-09,1.06592571858057e-15,0,1.06592571858057e-15,0,7.77161954808125e-11,0,3.26436297217144e-15,896.565272411503,4096,0
Tier1_within_host,peak_V,alpha_t,\alpha_t,-1.3073202253309e-06,3.90343468638944e-10,0,3.90343468638944e-10,0,5.30446786463801e-07,3.68394843973595e-10,4.09679016828242e-10,896.565272411503,4096,0
Tier1_within_host,peak_V,alpha_R,\alpha_R,-5.57364965344624e-07,3.69569572412345e-10,0,3.69569572412345e-10,0,7.34078136134879e-07,3.52912952135333e-10,3.86758517877884e-10,896.565272411503,4096,0
Tier1_within_host,peak_V,kappa17,\kappa_{17},-1.02740041646861e-06,2.25804941178505e-10,0,2.25804941178505e-10,0,8.15044514658061e-08,2.0983027401809e-10,2.41579444587389e-10,896.565272411503,4096,0
Tier1_within_host,peak_V,t17,t_{17},-1.08892173259865e-06,4.08121678551618e-10,0,4.08121678551618e-10,0,4.17624958424352e-07,3.87038532591826e-10,4.33968717271654e-10,896.565272411503,4096,0
Tier1_within_host,t_clear,beta,\beta,-2.27241740230491,0.281112867119468,0,0.281112867119468,0,0,0.27056462300938,0.293088786108133,21.459114254591,4096,0
Tier1_within_host,t_clear,k,k,0.0435820579751485,0.0095266544647559,0.0435820579751485,0.0095266544647559,0.0297264385393367,0.0588210460918192,0.00886802953851639,0.0102848334175509,21.459114254591,4096,0
Tier1_within_host,t_clear,p,p,0.202696885989783,0.187818526486745,0.202696885989783,0.187818526486745,0.136035432907024,0.277925070695559,0.177181466360168,0.200833379581751,21.459114254591,4096,0
Tier1_within_host,t_clear,q,q,0.397845581833589,0.401683698070854,0.397845581833589,0.401683698070854,0.278987863671993,0.509208043111644,0.381627159748068,0.422955845736678,21.459114254591,4096,0
Tier1_within_host,t_clear,c,c,0.112793421610322,0.171953801067872,0.112793421610322,0.171953801067872,0.0474096377770037,0.18016417228049,0.162504789216642,0.1800989450934,21.459114254591,4096,0
Tier1_within_host,t_clear,delta,\delta,0.0930935166529381,0.235310694897919,0.0930935166529381,0.235310694897919,0.00994912038888385,0.171089625591045,0.222459688871347,0.246983184866258,21.459114254591,4096,0
Tier1_within_host,t_clear,rho_R,\rho_R,0.000265967257222739,5.0690455569995e-06,0.000265967257222739,5.0690455569995e-06,0,0.00062933158358608,4.68054317313271e-06,5.55271775115327e-06,21.459114254591,4096,0
Tier1_within_host,t_clear,mu_R,\mu_R,0.000127777442563035,3.79885332090823e-06,0.000127777442563035,3.79885332090823e-06,0,0.000430810693277393,3.43112878276634e-06,4.19906001546355e-06,21.459114254591,4096,0
Tier1_within_host,t_clear,rho_Ab,\rho_{Ab},-4.18746441235656e-05,4.22603204658084e-06,0,4.22603204658084e-06,0,0.000231509346212576,3.88231411901656e-06,4.64115694186837e-06,21.459114254591,4096,0
Tier1_within_host,t_clear,theta_Ab,\theta_{Ab},-6.97892452665157e-05,4.53874048123409e-07,0,4.53874048123409e-07,0,2.5164184306566e-05,2.96058587175078e-07,6.1224972317852e-07,21.459114254591,4096,0
Tier1_within_host,t_clear,alpha_t,\alpha_t,0.000361759507782221,5.348933157447e-06,0.000361759507782221,5.348933157447e-06,0,0.000698300488792874,4.93219451782591e-06,5.79826266082784e-06,21.459114254591,4096,0
Tier1_within_host,t_clear,alpha_R,\alpha_R,0.000346300760812734,5.46824093455592e-06,0.000346300760812734,5.46824093455592e-06,0,0.000710597843555933,5.11189948728613e-06,5.91796700717814e-06,21.459114254591,4096,0
Tier1_within_host,t_clear,kappa17,\kappa_{17},0.00019922801268831,4.10555584287961e-06,0.00019922801268831,4.10555584287961e-06,0,0.000498171526332671,3.72385821232542e-06,4.44974263902808e-06,21.459114254591,4096,0
Tier1_within_host,t_clear,t17,t_{17},0.000127228617294735,5.61701416707052e-06,0.000127228617294735,5.61701416707052e-06,0,0.00046709195062097,5.1697106986862e-06,6.04739095848437e-06,21.459114254591,4096,0
Tier1_within_host,peak_Ag,beta,\beta,0.361232155557243,0.673106691675284,0.361232155557243,0.673106691675284,0.298551467844467,0.434279697605581,0.54337085510985,0.824724068483326,2596961.69601949,4096,0
Tier1_within_host,peak_Ag,k,k,1.76649444912347e-05,0.00105156963343862,1.76649444912347e-05,0.00105156963343862,0,0.00183349268245058,0.000756545287230189,0.00152625982441971,2596961.69601949,4096,0
Tier1_within_host,peak_Ag,p,p,0.020419860163273,0.0840100504638527,0.020419860163273,0.0840100504638527,0.00256128626320629,0.0428613458531946,0.0665826380196096,0.113157029910975,2596961.69601949,4096,0
Tier1_within_host,peak_Ag,q,q,0.154278177690078,0.121786317450462,0.154278177690078,0.121786317450462,0.123778922635531,0.20373613450903,0.0948701726843548,0.151764026693909,2596961.69601949,4096,0
Tier1_within_host,peak_Ag,c,c,-0.00775141584505116,0.011477452540022,0,0.011477452540022,0,6.35126619983808e-05,0.00779031667125416,0.0150914116809129,2596961.69601949,4096,0
Tier1_within_host,peak_Ag,delta,\delta,0.00500860061364891,0.00613784457084414,0.00500860061364891,0.00613784457084414,0,0.0113452056946957,0.00432184340084812,0.00932072598399043,2596961.69601949,4096,0
Tier1_within_host,peak_Ag,rho_R,\rho_R,0.000437157944762278,0.0006109061866829,0.000437157944762278,0.0006109061866829,0,0.00193580195932951,0.000393426319541136,0.000997846564559049,2596961.69601949,4096,0
Tier1_within_host,peak_Ag,mu_R,\mu_R,-3.09691431127206e-05,1.78349467553017e-06,0,1.78349467553017e-06,0,5.62611978928499e-05,1.34301441548975e-06,2.32029289991008e-06,2596961.69601949,4096,0
Tier1_within_host,peak_Ag,rho_Ab,\rho_{Ab},-3.27025607161313e-07,9.41336496487347e-10,0,9.41336496487347e-10,0,1.25631903070307e-06,7.08620810070836e-10,1.23847649936996e-09,2596961.69601949,4096,0
Tier1_within_host,peak_Ag,theta_Ab,\theta_{Ab},-3.85531783603672e-07,5.23482938806822e-10,0,5.23482938806822e-10,0,8.38214937334042e-07,3.7386984557828e-10,7.3035221664786e-10,2596961.69601949,4096,0
Tier1_within_host,peak_Ag,alpha_t,\alpha_t,0.00508391846710618,0.0109218879912839,0.00508391846710618,0.0109218879912839,0.000480275138781711,0.0106014523952379,0.0079604100242517,0.0139087915007229,2596961.69601949,4096,0
Tier1_within_host,peak_Ag,alpha_R,\alpha_R,0.00954245006231257,0.00957123674667942,0.00954245006231257,0.00957123674667942,0.00477020893203599,0.0149598873179863,0.00753577326877741,0.0139892542340732,2596961.69601949,4096,0
Tier1_within_host,peak_Ag,kappa17,\kappa_{17},-6.65499725059617e-05,1.42557281494098e-05,0,1.42557281494098e-05,0,0.000199095528460352,1.13253408325377e-05,1.88779777592828e-05,2596961.69601949,4096,0
Tier1_within_host,peak_Ag,t17,t_{17},0.0235644437995637,0.0352917241822452,0.0235644437995637,0.0352917241822452,0.0144216233582048,0.0348935554956731,0.025571766562114,0.0476239356799045,2596961.69601949,4096,0
Tier1_within_host,AUC_beta,beta,\beta,-1.81872736730386,0.35078781732842,0,0.35078781732842,0,0,0.335643402250736,0.364341848792574,18.2878535074262,4096,0
Tier1_within_host,AUC_beta,k,k,0.0291175048904849,0.00909266266914449,0.0291175048904849,0.00909266266914449,0.0216336891324361,0.040771698553833,0.00834862728417243,0.00991342885853056,18.2878535074262,4096,0
Tier1_within_host,AUC_beta,p,p,0.234645418376479,0.206553313459222,0.234645418376479,0.206553313459222,0.182988438725835,0.287510659503209,0.195740439045724,0.218217709013885,18.2878535074262,4096,0
Tier1_within_host,AUC_beta,q,q,0.272334087381887,0.263552162888668,0.272334087381887,0.263552162888668,0.1985041396335,0.321503754373859,0.249699876128237,0.280305858437837,18.2878535074262,4096,0
Tier1_within_host,AUC_beta,c,c,0.127294342886636,0.152589221500585,0.127294342886636,0.152589221500585,0.0827384430806378,0.176648543095123,0.145360179203757,0.161515918898269,18.2878535074262,4096,0
Tier1_within_host,AUC_beta,delta,\delta,0.107187286905574,0.218901267505925,0.107187286905574,0.218901267505925,0.0561707894357456,0.161161037602927,0.208756641410133,0.227055368811836,18.2878535074262,4096,0
Tier1_within_host,AUC_beta,rho_R,\rho_R,0.000778771575627265,0.000390282327178098,0.000778771575627265,0.000390282327178098,0,0.00350558104910974,0.00018155124996649,0.000668097248752291,18.2878535074262,4096,0
Tier1_within_host,AUC_beta,mu_R,\mu_R,-0.000368231688608362,0.000311890952678623,0,0.000311890952678623,0,0.0019925759006755,0.000153870756881966,0.000524297399981366,18.2878535074262,4096,0
Tier1_within_host,AUC_beta,rho_Ab,\rho_{Ab},0.000784217891934525,0.000407701628904925,0.000784217891934525,0.000407701628904925,0,0.00318459228371038,0.000195076927227293,0.000650195731201916,18.2878535074262,4096,0
Tier1_within_host,AUC_beta,theta_Ab,\theta_{Ab},0.00081672708808942,0.000249204505621004,0.00081672708808942,0.000249204505621004,0,0.00257215944711031,8.68894377635046e-05,0.000415084399199115,18.2878535074262,4096,0
Tier1_within_host,AUC_beta,alpha_t,\alpha_t,0.00117540939473162,0.000520355885821446,0.00117540939473162,0.000520355885821446,0,0.00407596206503048,0.000295803565259489,0.000877714177581089,18.2878535074262,4096,0
Tier1_within_host,AUC_beta,alpha_R,\alpha_R,0.000246702116641145,0.000324923741784806,0.000246702116641145,0.000324923741784806,0,0.00237553400389411,0.000134800131284364,0.00059786728045061,18.2878535074262,4096,0
Tier1_within_host,AUC_beta,kappa17,\kappa_{17},-0.000537272442942084,0.000437916953241616,0,0.000437916953241616,0,0.00185921480777383,0.00022400173074168,0.000685477750340872,18.2878535074262,4096,0
Tier1_within_host,AUC_beta,t17,t_{17},0.00175771350187017,0.000562328727064361,0.00175771350187017,0.000562328727064361,0,0.0053086157087606,0.00034916243887225,0.000826543255130771,18.2878535074262,4096,0
Tier1_within_host,M_emergent,beta,\beta,-0.0995381128075423,0.300593007704424,0,0.300593007704424,0,0,0.269526590826275,0.331685736639992,0.0010126489370785,4096,0
Tier1_within_host,M_emergent,k,k,0.000928330053505073,0.0025103324832199,0.000928330053505073,0.0025103324832199,0,0.00326051474277309,0.00206682405542304,0.00306833026803457,0.0010126489370785,4096,0
Tier1_within_host,M_emergent,p,p,0.118604517587091,0.528853296759721,0.118604517587091,0.528853296759721,0.0924766106564005,0.152440718980073,0.456804160523944,0.595000503412158,0.0010126489370785,4096,0
Tier1_within_host,M_emergent,q,q,0.0901639092064416,0.417812207537028,0.0901639092064416,0.417812207537028,0.0688379109925272,0.115877024724134,0.366827591707838,0.488710277442731,0.0010126489370785,4096,0
Tier1_within_host,M_emergent,c,c,0.0894654383222308,0.474217289169902,0.0894654383222308,0.474217289169902,0.0599191340014452,0.122361296907922,0.407339011135459,0.53145089596582,0.0010126489370785,4096,0
Tier1_within_host,M_emergent,delta,\delta,0.0977944122467878,0.631574156946976,0.0977944122467878,0.631574156946976,0.0634249062582021,0.140735154051427,0.573541411353589,0.70405469642983,0.0010126489370785,4096,0
Tier1_within_host,M_emergent,rho_R,\rho_R,-0.000737866368076902,0.000929447543006694,0,0.000929447543006694,0,0.000395156503818706,0.00060690732049881,0.00148157215009158,0.0010126489370785,4096,0
Tier1_within_host,M_emergent,mu_R,\mu_R,8.21332372823348e-05,6.79309870341408e-05,8.21332372823348e-05,6.79309870341408e-05,0,0.000333003760644454,2.49867736423656e-05,0.000163178493479556,0.0010126489370785,4096,0
Tier1_within_host,M_emergent,rho_Ab,\rho_{Ab},-9.69147231043418e-06,1.50170446732196e-05,0,1.50170446732196e-05,0,5.94639657866628e-06,8.78606617406154e-07,3.96134158195698e-05,0.0010126489370785,4096,0
Tier1_within_host,M_emergent,theta_Ab,\theta_{Ab},-7.30059741308816e-07,2.74392509796054e-08,0,2.74392509796054e-08,0,2.22232592150145e-06,7.7017344631941e-09,6.38844316122108e-08,0.0010126489370785,4096,0
Tier1_within_host,M_emergent,alpha_t,\alpha_t,0.00236420526738851,0.0104471544835994,0.00236420526738851,0.0104471544835994,0.000168358908619939,0.00571523946209191,0.00781982320645398,0.0134885151338756,0.0010126489370785,4096,0
Tier1_within_host,M_emergent,alpha_R,\alpha_R,-0.000913574941104621,0.0213411532813133,0,0.0213411532813133,0,0.00449464289518029,0.0152110595534107,0.0282674991267941,0.0010126489370785,4096,0
Tier1_within_host,M_emergent,kappa17,\kappa_{17},3.66533431803543e-05,7.36520983772756e-05,3.66533431803543e-05,7.36520983772756e-05,0,0.000205229999964407,9.17189967393473e-06,0.00022957808032512,0.0010126489370785,4096,0
Tier1_within_host,M_emergent,t17,t_{17},0.00567953995814582,0.051000684544813,0.00567953995814582,0.051000684544813,0,0.014378907658868,0.0408769869809804,0.0632762904875167,0.0010126489370785,4096,0
